{"cpu": 36.2, "ram": 64.2, "network": 77695664.0, "process_count": 293, "ip": "192.168.31.75", "timestamp": 1772689164.0385644}
{"cpu": 22.6, "ram": 64.3, "network": 77812155.0, "process_count": 291, "ip": "192.168.31.75", "timestamp": 1772689169.1025918}
{"cpu": 19.2, "ram": 64.5, "network": 77849111.0, "process_count": 293, "ip": "192.168.31.75", "timestamp": 1772689176.1673152}
{"cpu": 19.2, "ram": 64.5, "network": 77849329.0, "process_count": 293, "ip": "192.168.31.75", "timestamp": 1772689178.234184}
{"cpu": 20.0, "ram": 64.4, "network": 77849767.0, "process_count": 293, "ip": "192.168.31.75", "timestamp": 1772689183.2511673}
{"cpu": 24.1, "ram": 63.9, "network": 77861240.0, "process_count": 293, "ip": "192.168.31.75", "timestamp": 1772689188.2681909}
{"cpu": 21.4, "ram": 64.2, "network": 77872525.0, "process_count": 293, "ip": "192.168.31.75", "timestamp": 1772689193.3085413}
{"cpu": 20.1, "ram": 64.2, "network": 77876004.0, "process_count": 293, "ip": "192.168.31.75", "timestamp": 1772689198.3254197}
{"cpu": 17.5, "ram": 64.3, "network": 77879370.0, "process_count": 293, "ip": "192.168.31.75", "timestamp": 1772689203.3414326}
{"cpu": 20.4, "ram": 64.2, "network": 77890006.0, "process_count": 293, "ip": "192.168.31.75", "timestamp": 1772689208.3576782}
{"cpu": 24.7, "ram": 64.2, "network": 77930216.0, "process_count": 293, "ip": "192.168.31.75", "timestamp": 1772689213.379163}
{"cpu": 18.9, "ram": 64.1, "network": 77936588.0, "process_count": 293, "ip": "192.168.31.75", "timestamp": 1772689218.395698}
{"cpu": 20.3, "ram": 63.9, "network": 78024686.0, "process_count": 293, "ip": "192.168.31.75", "timestamp": 1772689223.4146023}
{"cpu": 22.5, "ram": 64.1, "network": 78077586.0, "process_count": 293, "ip": "192.168.31.75", "timestamp": 1772689228.4304874}
{"cpu": 19.5, "ram": 64.3, "network": 78101636.0, "process_count": 293, "ip": "192.168.31.75", "timestamp": 1772689233.4461114}
{"cpu": 17.3, "ram": 64.3, "network": 78118334.0, "process_count": 293, "ip": "192.168.31.75", "timestamp": 1772689238.4611573}
{"cpu": 19.4, "ram": 64.4, "network": 78151346.0, "process_count": 293, "ip": "192.168.31.75", "timestamp": 1772689243.5007458}
